,name,volume,market_cap,floor_price,Avg_price,sales,assets,owners,owners_per
0,The Llamas,Ethereum,10.16 ETH,129.35%,"1,779.69 ETH",2.19 ETH,2.032 ETH,5,8.26%
1,PORSCHΞ 911,Ethereum,10.14 ETH,18.03%,"1,985.87 ETH",0.9994 ETH,1.1271 ETH,9,9.29%
2,The Shards,Ethereum,10.06 ETH,1005.57%,"1,395.94 ETH",0.44 ETH,0.6288 ETH,16,38.20%
3,MONGS,Ethereum,9.911 ETH,20.33%,"2,108.82 ETH",0.2295 ETH,0.2417 ETH,41,4.79%
4,The Plague,Ethereum,9.9028 ETH,232.61%,"3,242.8 ETH",0.35 ETH,0.3301 ETH,30,22.39%
5,ENS,Ethereum,9.6782 ETH,0.29%,"461,005.06 ETH",--,0.06204 ETH,156,1.63%
6,RSTLSS x Claire Silver,Ethereum,9.3566 ETH,58.11%,461.38 ETH,0.119 ETH,0.2752 ETH,34,34.28%
7,Link3 Mini Shard,BNB Chain,54.31 BNB,17.85%,0.1656 BNB,0.0189 BNB,0.122 BNB,445,49.36%
8,QQL Mint Pass,Ethereum,8.9272 ETH,12.61%,"2,984.31 ETH",6.66 ETH,4.4636 ETH,2,43.69%
9,Wumbo Pass,Ethereum,8.881 ETH,169.12%,611.91 ETH,1.688 ETH,1.7762 ETH,5,7.65%
10,The Llamas,Ethereum,10.16 ETH,129.35%,"1,779.69 ETH",2.19 ETH,2.032 ETH,5,8.26%
11,PORSCHΞ 911,Ethereum,10.14 ETH,18.03%,"1,985.87 ETH",0.9994 ETH,1.1271 ETH,9,9.29%
12,The Shards,Ethereum,10.06 ETH,1005.57%,"1,395.94 ETH",0.44 ETH,0.6288 ETH,16,38.20%
13,MONGS,Ethereum,9.911 ETH,20.33%,"2,108.82 ETH",0.2295 ETH,0.2417 ETH,41,4.79%
14,The Plague,Ethereum,9.9028 ETH,232.61%,"3,242.8 ETH",0.35 ETH,0.3301 ETH,30,22.39%
15,ENS,Ethereum,9.6782 ETH,0.29%,"461,005.06 ETH",--,0.06204 ETH,156,1.63%
16,RSTLSS x Claire Silver,Ethereum,9.3566 ETH,58.11%,461.38 ETH,0.119 ETH,0.2752 ETH,34,34.28%
17,Link3 Mini Shard,BNB Chain,54.31 BNB,17.85%,0.1656 BNB,0.0189 BNB,0.122 BNB,445,49.36%
18,QQL Mint Pass,Ethereum,8.9272 ETH,12.61%,"2,984.31 ETH",6.66 ETH,4.4636 ETH,2,43.69%
19,Wumbo Pass,Ethereum,8.881 ETH,169.12%,611.91 ETH,1.688 ETH,1.7762 ETH,5,7.65%
20,Cool Cats,Ethereum,8.8708 ETH,59.80%,"6,481.24 ETH",0.881 ETH,0.9856 ETH,9,7.21%
21,Imaginary Ones,Ethereum,8.8165 ETH,7.29%,"7,216.17 ETH",0.7428 ETH,0.6782 ETH,13,9.22%
22,World Of Women,Ethereum,8.6697 ETH,235.19%,"7,692 ETH",0.9297 ETH,0.9633 ETH,9,11.73%
23,Solana Monkey Business,Solana,772.5 SOL,4.24%,"1,017,131.62 SOL",187 SOL,193.13 SOL,4,1192.78%
24,Wolf Capital,Solana,767.39 SOL,9.15%,"41,301.87 SOL",4.958 SOL,5.185 SOL,148,38.50%
25,MERGE VV,Ethereum,8.3744 ETH,35.16%,626.23 ETH,0.028 ETH,0.02878 ETH,291,9.98%
26,Owlpha,Polygon,"16,709.25 MATIC",24.76%,"1,782,223.43 MATIC",409.33 MATIC,596.76 MATIC,28,15.85%
27,Taiyo Pilots,Solana,751.68 SOL,7.51%,"153,002.94 SOL",8.07 SOL,8.352 SOL,90,54.69%
28,The Llamas,Ethereum,10.16 ETH,129.35%,"1,779.69 ETH",2.19 ETH,2.032 ETH,5,8.26%
29,PORSCHΞ 911,Ethereum,10.14 ETH,18.03%,"1,985.87 ETH",0.9994 ETH,1.1271 ETH,9,9.29%
30,The Shards,Ethereum,10.06 ETH,1005.57%,"1,395.94 ETH",0.44 ETH,0.6288 ETH,16,38.20%
31,MONGS,Ethereum,9.911 ETH,20.33%,"2,108.82 ETH",0.2295 ETH,0.2417 ETH,41,4.79%
32,The Plague,Ethereum,9.9028 ETH,232.61%,"3,242.8 ETH",0.35 ETH,0.3301 ETH,30,22.39%
33,ENS,Ethereum,9.6782 ETH,0.29%,"461,005.06 ETH",--,0.06204 ETH,156,1.63%
34,RSTLSS x Claire Silver,Ethereum,9.3566 ETH,58.11%,461.38 ETH,0.119 ETH,0.2752 ETH,34,34.28%
35,Link3 Mini Shard,BNB Chain,54.31 BNB,17.85%,0.1656 BNB,0.0189 BNB,0.122 BNB,445,49.36%
36,QQL Mint Pass,Ethereum,8.9272 ETH,12.61%,"2,984.31 ETH",6.66 ETH,4.4636 ETH,2,43.69%
37,Wumbo Pass,Ethereum,8.881 ETH,169.12%,611.91 ETH,1.688 ETH,1.7762 ETH,5,7.65%
38,Cool Cats,Ethereum,8.8708 ETH,59.80%,"6,481.24 ETH",0.881 ETH,0.9856 ETH,9,7.21%
39,Imaginary Ones,Ethereum,8.8165 ETH,7.29%,"7,216.17 ETH",0.7428 ETH,0.6782 ETH,13,9.22%
40,World Of Women,Ethereum,8.6697 ETH,235.19%,"7,692 ETH",0.9297 ETH,0.9633 ETH,9,11.73%
41,Solana Monkey Business,Solana,772.5 SOL,4.24%,"1,017,131.62 SOL",187 SOL,193.13 SOL,4,1192.78%
42,Wolf Capital,Solana,767.39 SOL,9.15%,"41,301.87 SOL",4.958 SOL,5.185 SOL,148,38.50%
43,MERGE VV,Ethereum,8.3744 ETH,35.16%,626.23 ETH,0.028 ETH,0.02878 ETH,291,9.98%
44,Owlpha,Polygon,"16,709.25 MATIC",24.76%,"1,782,223.43 MATIC",409.33 MATIC,596.76 MATIC,28,15.85%
45,Taiyo Pilots,Solana,751.68 SOL,7.51%,"153,002.94 SOL",8.07 SOL,8.352 SOL,90,54.69%
46,The Llamas,Ethereum,10.16 ETH,129.35%,"1,779.69 ETH",2.19 ETH,2.032 ETH,5,8.26%
47,PORSCHΞ 911,Ethereum,10.14 ETH,18.03%,"1,985.87 ETH",0.9994 ETH,1.1271 ETH,9,9.29%
48,The Shards,Ethereum,10.06 ETH,1005.57%,"1,395.94 ETH",0.44 ETH,0.6288 ETH,16,38.20%
49,MONGS,Ethereum,9.911 ETH,20.33%,"2,108.82 ETH",0.2295 ETH,0.2417 ETH,41,4.79%
50,The Plague,Ethereum,9.9028 ETH,232.61%,"3,242.8 ETH",0.35 ETH,0.3301 ETH,30,22.39%
51,ENS,Ethereum,9.6782 ETH,0.29%,"461,005.06 ETH",--,0.06204 ETH,156,1.63%
52,RSTLSS x Claire Silver,Ethereum,9.3566 ETH,58.11%,461.38 ETH,0.119 ETH,0.2752 ETH,34,34.28%
53,Link3 Mini Shard,BNB Chain,54.31 BNB,17.85%,0.1656 BNB,0.0189 BNB,0.122 BNB,445,49.36%
54,QQL Mint Pass,Ethereum,8.9272 ETH,12.61%,"2,984.31 ETH",6.66 ETH,4.4636 ETH,2,43.69%
55,Wumbo Pass,Ethereum,8.881 ETH,169.12%,611.91 ETH,1.688 ETH,1.7762 ETH,5,7.65%
56,Cool Cats,Ethereum,8.8708 ETH,59.80%,"6,481.24 ETH",0.881 ETH,0.9856 ETH,9,7.21%
57,Imaginary Ones,Ethereum,8.8165 ETH,7.29%,"7,216.17 ETH",0.7428 ETH,0.6782 ETH,13,9.22%
58,World Of Women,Ethereum,8.6697 ETH,235.19%,"7,692 ETH",0.9297 ETH,0.9633 ETH,9,11.73%
59,Solana Monkey Business,Solana,772.5 SOL,4.24%,"1,017,131.62 SOL",187 SOL,193.13 SOL,4,1192.78%
60,Wolf Capital,Solana,767.39 SOL,9.15%,"41,301.87 SOL",4.958 SOL,5.185 SOL,148,38.50%
61,MERGE VV,Ethereum,8.3744 ETH,35.16%,626.23 ETH,0.028 ETH,0.02878 ETH,291,9.98%
62,Owlpha,Polygon,"16,709.25 MATIC",24.76%,"1,782,223.43 MATIC",409.33 MATIC,596.76 MATIC,28,15.85%
63,Taiyo Pilots,Solana,751.68 SOL,7.51%,"153,002.94 SOL",8.07 SOL,8.352 SOL,90,54.69%
64,The Llamas,Ethereum,10.16 ETH,129.35%,"1,779.69 ETH",2.19 ETH,2.032 ETH,5,8.26%
65,PORSCHΞ 911,Ethereum,10.14 ETH,18.03%,"1,985.87 ETH",0.9994 ETH,1.1271 ETH,9,9.29%
66,The Shards,Ethereum,10.06 ETH,1005.57%,"1,395.94 ETH",0.44 ETH,0.6288 ETH,16,38.20%
67,MONGS,Ethereum,9.911 ETH,20.33%,"2,108.82 ETH",0.2295 ETH,0.2417 ETH,41,4.79%
68,The Plague,Ethereum,9.9028 ETH,232.61%,"3,242.8 ETH",0.35 ETH,0.3301 ETH,30,22.39%
69,ENS,Ethereum,9.6782 ETH,0.29%,"461,005.06 ETH",--,0.06204 ETH,156,1.63%
70,RSTLSS x Claire Silver,Ethereum,9.3566 ETH,58.11%,461.38 ETH,0.119 ETH,0.2752 ETH,34,34.28%
71,Link3 Mini Shard,BNB Chain,54.31 BNB,17.85%,0.1656 BNB,0.0189 BNB,0.122 BNB,445,49.36%
72,QQL Mint Pass,Ethereum,8.9272 ETH,12.61%,"2,984.31 ETH",6.66 ETH,4.4636 ETH,2,43.69%
73,Wumbo Pass,Ethereum,8.881 ETH,169.12%,611.91 ETH,1.688 ETH,1.7762 ETH,5,7.65%
74,Cool Cats,Ethereum,8.8708 ETH,59.80%,"6,481.24 ETH",0.881 ETH,0.9856 ETH,9,7.21%
75,Imaginary Ones,Ethereum,8.8165 ETH,7.29%,"7,216.17 ETH",0.7428 ETH,0.6782 ETH,13,9.22%
76,World Of Women,Ethereum,8.6697 ETH,235.19%,"7,692 ETH",0.9297 ETH,0.9633 ETH,9,11.73%
77,Solana Monkey Business,Solana,772.5 SOL,4.24%,"1,017,131.62 SOL",187 SOL,193.13 SOL,4,1192.78%
78,Wolf Capital,Solana,767.39 SOL,9.15%,"41,301.87 SOL",4.958 SOL,5.185 SOL,148,38.50%
79,MERGE VV,Ethereum,8.3744 ETH,35.16%,626.23 ETH,0.028 ETH,0.02878 ETH,291,9.98%
80,Owlpha,Polygon,"16,709.25 MATIC",24.76%,"1,782,223.43 MATIC",409.33 MATIC,596.76 MATIC,28,15.85%
81,Taiyo Pilots,Solana,751.68 SOL,7.51%,"153,002.94 SOL",8.07 SOL,8.352 SOL,90,54.69%
82,The Llamas,Ethereum,10.16 ETH,129.35%,"1,779.69 ETH",2.19 ETH,2.032 ETH,5,8.26%
83,PORSCHΞ 911,Ethereum,10.14 ETH,18.03%,"1,985.87 ETH",0.9994 ETH,1.1271 ETH,9,9.29%
84,The Shards,Ethereum,10.06 ETH,1005.57%,"1,395.94 ETH",0.44 ETH,0.6288 ETH,16,38.20%
85,MONGS,Ethereum,9.911 ETH,20.33%,"2,108.82 ETH",0.2295 ETH,0.2417 ETH,41,4.79%
86,The Plague,Ethereum,9.9028 ETH,232.61%,"3,242.8 ETH",0.35 ETH,0.3301 ETH,30,22.39%
87,ENS,Ethereum,9.6782 ETH,0.29%,"461,005.06 ETH",--,0.06204 ETH,156,1.63%
88,RSTLSS x Claire Silver,Ethereum,9.3566 ETH,58.11%,461.38 ETH,0.119 ETH,0.2752 ETH,34,34.28%
89,Link3 Mini Shard,BNB Chain,54.31 BNB,17.85%,0.1656 BNB,0.0189 BNB,0.122 BNB,445,49.36%
90,QQL Mint Pass,Ethereum,8.9272 ETH,12.61%,"2,984.31 ETH",6.66 ETH,4.4636 ETH,2,43.69%
91,Wumbo Pass,Ethereum,8.881 ETH,169.12%,611.91 ETH,1.688 ETH,1.7762 ETH,5,7.65%
92,Cool Cats,Ethereum,8.8708 ETH,59.80%,"6,481.24 ETH",0.881 ETH,0.9856 ETH,9,7.21%
93,Imaginary Ones,Ethereum,8.8165 ETH,7.29%,"7,216.17 ETH",0.7428 ETH,0.6782 ETH,13,9.22%
94,World Of Women,Ethereum,8.6697 ETH,235.19%,"7,692 ETH",0.9297 ETH,0.9633 ETH,9,11.73%
95,Solana Monkey Business,Solana,772.5 SOL,4.24%,"1,017,131.62 SOL",187 SOL,193.13 SOL,4,1192.78%
96,Wolf Capital,Solana,767.39 SOL,9.15%,"41,301.87 SOL",4.958 SOL,5.185 SOL,148,38.50%
97,MERGE VV,Ethereum,8.3744 ETH,35.16%,626.23 ETH,0.028 ETH,0.02878 ETH,291,9.98%
98,Owlpha,Polygon,"16,709.25 MATIC",24.76%,"1,782,223.43 MATIC",409.33 MATIC,596.76 MATIC,28,15.85%
99,Taiyo Pilots,Solana,751.68 SOL,7.51%,"153,002.94 SOL",8.07 SOL,8.352 SOL,90,54.69%
100,The Llamas,Ethereum,10.16 ETH,129.35%,"1,779.69 ETH",2.19 ETH,2.032 ETH,5,8.26%
101,PORSCHΞ 911,Ethereum,10.14 ETH,18.03%,"1,985.87 ETH",0.9994 ETH,1.1271 ETH,9,9.29%
102,The Shards,Ethereum,10.06 ETH,1005.57%,"1,395.94 ETH",0.44 ETH,0.6288 ETH,16,38.20%
103,MONGS,Ethereum,9.911 ETH,20.33%,"2,108.82 ETH",0.2295 ETH,0.2417 ETH,41,4.79%
104,The Plague,Ethereum,9.9028 ETH,232.61%,"3,242.8 ETH",0.35 ETH,0.3301 ETH,30,22.39%
105,ENS,Ethereum,9.6782 ETH,0.29%,"461,005.06 ETH",--,0.06204 ETH,156,1.63%
106,RSTLSS x Claire Silver,Ethereum,9.3566 ETH,58.11%,461.38 ETH,0.119 ETH,0.2752 ETH,34,34.28%
107,Link3 Mini Shard,BNB Chain,54.31 BNB,17.85%,0.1656 BNB,0.0189 BNB,0.122 BNB,445,49.36%
108,QQL Mint Pass,Ethereum,8.9272 ETH,12.61%,"2,984.31 ETH",6.66 ETH,4.4636 ETH,2,43.69%
109,Wumbo Pass,Ethereum,8.881 ETH,169.12%,611.91 ETH,1.688 ETH,1.7762 ETH,5,7.65%
110,Cool Cats,Ethereum,8.8708 ETH,59.80%,"6,481.24 ETH",0.881 ETH,0.9856 ETH,9,7.21%
111,Imaginary Ones,Ethereum,8.8165 ETH,7.29%,"7,216.17 ETH",0.7428 ETH,0.6782 ETH,13,9.22%
112,World Of Women,Ethereum,8.6697 ETH,235.19%,"7,692 ETH",0.9297 ETH,0.9633 ETH,9,11.73%
113,Solana Monkey Business,Solana,772.5 SOL,4.24%,"1,017,131.62 SOL",187 SOL,193.13 SOL,4,1192.78%
114,Wolf Capital,Solana,767.39 SOL,9.15%,"41,301.87 SOL",4.958 SOL,5.185 SOL,148,38.50%
115,MERGE VV,Ethereum,8.3744 ETH,35.16%,626.23 ETH,0.028 ETH,0.02878 ETH,291,9.98%
116,Owlpha,Polygon,"16,709.25 MATIC",24.76%,"1,782,223.43 MATIC",409.33 MATIC,596.76 MATIC,28,15.85%
117,Taiyo Pilots,Solana,751.68 SOL,7.51%,"153,002.94 SOL",8.07 SOL,8.352 SOL,90,54.69%
118,The Llamas,Ethereum,10.16 ETH,129.35%,"1,779.69 ETH",2.19 ETH,2.032 ETH,5,8.26%
119,PORSCHΞ 911,Ethereum,10.14 ETH,18.03%,"1,985.87 ETH",0.9994 ETH,1.1271 ETH,9,9.29%
120,The Shards,Ethereum,10.06 ETH,1005.57%,"1,395.94 ETH",0.44 ETH,0.6288 ETH,16,38.20%
121,MONGS,Ethereum,9.911 ETH,20.33%,"2,108.82 ETH",0.2295 ETH,0.2417 ETH,41,4.79%
122,The Plague,Ethereum,9.9028 ETH,232.61%,"3,242.8 ETH",0.35 ETH,0.3301 ETH,30,22.39%
123,ENS,Ethereum,9.6782 ETH,0.29%,"461,005.06 ETH",--,0.06204 ETH,156,1.63%
124,RSTLSS x Claire Silver,Ethereum,9.3566 ETH,58.11%,461.38 ETH,0.119 ETH,0.2752 ETH,34,34.28%
125,Link3 Mini Shard,BNB Chain,54.31 BNB,17.85%,0.1656 BNB,0.0189 BNB,0.122 BNB,445,49.36%
126,QQL Mint Pass,Ethereum,8.9272 ETH,12.61%,"2,984.31 ETH",6.66 ETH,4.4636 ETH,2,43.69%
127,Wumbo Pass,Ethereum,8.881 ETH,169.12%,611.91 ETH,1.688 ETH,1.7762 ETH,5,7.65%
128,Cool Cats,Ethereum,8.8708 ETH,59.80%,"6,481.24 ETH",0.881 ETH,0.9856 ETH,9,7.21%
129,Imaginary Ones,Ethereum,8.8165 ETH,7.29%,"7,216.17 ETH",0.7428 ETH,0.6782 ETH,13,9.22%
130,World Of Women,Ethereum,8.6697 ETH,235.19%,"7,692 ETH",0.9297 ETH,0.9633 ETH,9,11.73%
131,Solana Monkey Business,Solana,772.5 SOL,4.24%,"1,017,131.62 SOL",187 SOL,193.13 SOL,4,1192.78%
132,Wolf Capital,Solana,767.39 SOL,9.15%,"41,301.87 SOL",4.958 SOL,5.185 SOL,148,38.50%
133,MERGE VV,Ethereum,8.3744 ETH,35.16%,626.23 ETH,0.028 ETH,0.02878 ETH,291,9.98%
134,Owlpha,Polygon,"16,709.25 MATIC",24.76%,"1,782,223.43 MATIC",409.33 MATIC,596.76 MATIC,28,15.85%
135,Taiyo Pilots,Solana,751.68 SOL,7.51%,"153,002.94 SOL",8.07 SOL,8.352 SOL,90,54.69%
136,The Llamas,Ethereum,10.16 ETH,129.35%,"1,779.69 ETH",2.19 ETH,2.032 ETH,5,8.26%
137,PORSCHΞ 911,Ethereum,10.14 ETH,18.03%,"1,985.87 ETH",0.9994 ETH,1.1271 ETH,9,9.29%
138,The Shards,Ethereum,10.06 ETH,1005.57%,"1,395.94 ETH",0.44 ETH,0.6288 ETH,16,38.20%
139,MONGS,Ethereum,9.911 ETH,20.33%,"2,108.82 ETH",0.2295 ETH,0.2417 ETH,41,4.79%
140,The Plague,Ethereum,9.9028 ETH,232.61%,"3,242.8 ETH",0.35 ETH,0.3301 ETH,30,22.39%
141,ENS,Ethereum,9.6782 ETH,0.29%,"461,005.06 ETH",--,0.06204 ETH,156,1.63%
142,RSTLSS x Claire Silver,Ethereum,9.3566 ETH,58.11%,461.38 ETH,0.119 ETH,0.2752 ETH,34,34.28%
143,Link3 Mini Shard,BNB Chain,54.31 BNB,17.85%,0.1656 BNB,0.0189 BNB,0.122 BNB,445,49.36%
144,QQL Mint Pass,Ethereum,8.9272 ETH,12.61%,"2,984.31 ETH",6.66 ETH,4.4636 ETH,2,43.69%
145,Wumbo Pass,Ethereum,8.881 ETH,169.12%,611.91 ETH,1.688 ETH,1.7762 ETH,5,7.65%
146,Cool Cats,Ethereum,8.8708 ETH,59.80%,"6,481.24 ETH",0.881 ETH,0.9856 ETH,9,7.21%
147,Imaginary Ones,Ethereum,8.8165 ETH,7.29%,"7,216.17 ETH",0.7428 ETH,0.6782 ETH,13,9.22%
148,World Of Women,Ethereum,8.6697 ETH,235.19%,"7,692 ETH",0.9297 ETH,0.9633 ETH,9,11.73%
149,Solana Monkey Business,Solana,772.5 SOL,4.24%,"1,017,131.62 SOL",187 SOL,193.13 SOL,4,1192.78%
150,Wolf Capital,Solana,767.39 SOL,9.15%,"41,301.87 SOL",4.958 SOL,5.185 SOL,148,38.50%
151,MERGE VV,Ethereum,8.3744 ETH,35.16%,626.23 ETH,0.028 ETH,0.02878 ETH,291,9.98%
152,Owlpha,Polygon,"16,709.25 MATIC",24.76%,"1,782,223.43 MATIC",409.33 MATIC,596.76 MATIC,28,15.85%
153,Taiyo Pilots,Solana,751.68 SOL,7.51%,"153,002.94 SOL",8.07 SOL,8.352 SOL,90,54.69%
154,The Llamas,Ethereum,10.16 ETH,129.35%,"1,779.69 ETH",2.19 ETH,2.032 ETH,5,8.26%
155,PORSCHΞ 911,Ethereum,10.14 ETH,18.03%,"1,985.87 ETH",0.9994 ETH,1.1271 ETH,9,9.29%
156,The Shards,Ethereum,10.06 ETH,1005.57%,"1,395.94 ETH",0.44 ETH,0.6288 ETH,16,38.20%
157,MONGS,Ethereum,9.911 ETH,20.33%,"2,108.82 ETH",0.2295 ETH,0.2417 ETH,41,4.79%
158,The Plague,Ethereum,9.9028 ETH,232.61%,"3,242.8 ETH",0.35 ETH,0.3301 ETH,30,22.39%
159,ENS,Ethereum,9.6782 ETH,0.29%,"461,005.06 ETH",--,0.06204 ETH,156,1.63%
160,RSTLSS x Claire Silver,Ethereum,9.3566 ETH,58.11%,461.38 ETH,0.119 ETH,0.2752 ETH,34,34.28%
161,Link3 Mini Shard,BNB Chain,54.31 BNB,17.85%,0.1656 BNB,0.0189 BNB,0.122 BNB,445,49.36%
162,QQL Mint Pass,Ethereum,8.9272 ETH,12.61%,"2,984.31 ETH",6.66 ETH,4.4636 ETH,2,43.69%
163,Wumbo Pass,Ethereum,8.881 ETH,169.12%,611.91 ETH,1.688 ETH,1.7762 ETH,5,7.65%
164,Cool Cats,Ethereum,8.8708 ETH,59.80%,"6,481.24 ETH",0.881 ETH,0.9856 ETH,9,7.21%
165,Imaginary Ones,Ethereum,8.8165 ETH,7.29%,"7,216.17 ETH",0.7428 ETH,0.6782 ETH,13,9.22%
166,World Of Women,Ethereum,8.6697 ETH,235.19%,"7,692 ETH",0.9297 ETH,0.9633 ETH,9,11.73%
167,Solana Monkey Business,Solana,772.5 SOL,4.24%,"1,017,131.62 SOL",187 SOL,193.13 SOL,4,1192.78%
168,Wolf Capital,Solana,767.39 SOL,9.15%,"41,301.87 SOL",4.958 SOL,5.185 SOL,148,38.50%
169,MERGE VV,Ethereum,8.3744 ETH,35.16%,626.23 ETH,0.028 ETH,0.02878 ETH,291,9.98%
170,Owlpha,Polygon,"16,709.25 MATIC",24.76%,"1,782,223.43 MATIC",409.33 MATIC,596.76 MATIC,28,15.85%
171,Taiyo Pilots,Solana,751.68 SOL,7.51%,"153,002.94 SOL",8.07 SOL,8.352 SOL,90,54.69%
172,The Llamas,Ethereum,10.16 ETH,129.35%,"1,779.69 ETH",2.19 ETH,2.032 ETH,5,8.26%
173,PORSCHΞ 911,Ethereum,10.14 ETH,18.03%,"1,985.87 ETH",0.9994 ETH,1.1271 ETH,9,9.29%
174,The Shards,Ethereum,10.06 ETH,1005.57%,"1,395.94 ETH",0.44 ETH,0.6288 ETH,16,38.20%
175,MONGS,Ethereum,9.911 ETH,20.33%,"2,108.82 ETH",0.2295 ETH,0.2417 ETH,41,4.79%
176,The Plague,Ethereum,9.9028 ETH,232.61%,"3,242.8 ETH",0.35 ETH,0.3301 ETH,30,22.39%
177,ENS,Ethereum,9.6782 ETH,0.29%,"461,005.06 ETH",--,0.06204 ETH,156,1.63%
178,RSTLSS x Claire Silver,Ethereum,9.3566 ETH,58.11%,461.38 ETH,0.119 ETH,0.2752 ETH,34,34.28%
179,Link3 Mini Shard,BNB Chain,54.31 BNB,17.85%,0.1656 BNB,0.0189 BNB,0.122 BNB,445,49.36%
180,QQL Mint Pass,Ethereum,8.9272 ETH,12.61%,"2,984.31 ETH",6.66 ETH,4.4636 ETH,2,43.69%
181,Wumbo Pass,Ethereum,8.881 ETH,169.12%,611.91 ETH,1.688 ETH,1.7762 ETH,5,7.65%
182,Cool Cats,Ethereum,8.8708 ETH,59.80%,"6,481.24 ETH",0.881 ETH,0.9856 ETH,9,7.21%
183,Imaginary Ones,Ethereum,8.8165 ETH,7.29%,"7,216.17 ETH",0.7428 ETH,0.6782 ETH,13,9.22%
184,World Of Women,Ethereum,8.6697 ETH,235.19%,"7,692 ETH",0.9297 ETH,0.9633 ETH,9,11.73%
185,Solana Monkey Business,Solana,772.5 SOL,4.24%,"1,017,131.62 SOL",187 SOL,193.13 SOL,4,1192.78%
186,Wolf Capital,Solana,767.39 SOL,9.15%,"41,301.87 SOL",4.958 SOL,5.185 SOL,148,38.50%
187,MERGE VV,Ethereum,8.3744 ETH,35.16%,626.23 ETH,0.028 ETH,0.02878 ETH,291,9.98%
188,Owlpha,Polygon,"16,709.25 MATIC",24.76%,"1,782,223.43 MATIC",409.33 MATIC,596.76 MATIC,28,15.85%
189,Taiyo Pilots,Solana,751.68 SOL,7.51%,"153,002.94 SOL",8.07 SOL,8.352 SOL,90,54.69%
190,The Llamas,Ethereum,10.16 ETH,129.35%,"1,779.69 ETH",2.19 ETH,2.032 ETH,5,8.26%
191,PORSCHΞ 911,Ethereum,10.14 ETH,18.03%,"1,985.87 ETH",0.9994 ETH,1.1271 ETH,9,9.29%
192,The Shards,Ethereum,10.06 ETH,1005.57%,"1,395.94 ETH",0.44 ETH,0.6288 ETH,16,38.20%
193,MONGS,Ethereum,9.911 ETH,20.33%,"2,108.82 ETH",0.2295 ETH,0.2417 ETH,41,4.79%
194,The Plague,Ethereum,9.9028 ETH,232.61%,"3,242.8 ETH",0.35 ETH,0.3301 ETH,30,22.39%
195,ENS,Ethereum,9.6782 ETH,0.29%,"461,005.06 ETH",--,0.06204 ETH,156,1.63%
196,RSTLSS x Claire Silver,Ethereum,9.3566 ETH,58.11%,461.38 ETH,0.119 ETH,0.2752 ETH,34,34.28%
197,Link3 Mini Shard,BNB Chain,54.31 BNB,17.85%,0.1656 BNB,0.0189 BNB,0.122 BNB,445,49.36%
198,QQL Mint Pass,Ethereum,8.9272 ETH,12.61%,"2,984.31 ETH",6.66 ETH,4.4636 ETH,2,43.69%
199,Wumbo Pass,Ethereum,8.881 ETH,169.12%,611.91 ETH,1.688 ETH,1.7762 ETH,5,7.65%
200,Cool Cats,Ethereum,8.8708 ETH,59.80%,"6,481.24 ETH",0.881 ETH,0.9856 ETH,9,7.21%
201,Imaginary Ones,Ethereum,8.8165 ETH,7.29%,"7,216.17 ETH",0.7428 ETH,0.6782 ETH,13,9.22%
202,World Of Women,Ethereum,8.6697 ETH,235.19%,"7,692 ETH",0.9297 ETH,0.9633 ETH,9,11.73%
203,Solana Monkey Business,Solana,772.5 SOL,4.24%,"1,017,131.62 SOL",187 SOL,193.13 SOL,4,1192.78%
204,Wolf Capital,Solana,767.39 SOL,9.15%,"41,301.87 SOL",4.958 SOL,5.185 SOL,148,38.50%
205,MERGE VV,Ethereum,8.3744 ETH,35.16%,626.23 ETH,0.028 ETH,0.02878 ETH,291,9.98%
206,Owlpha,Polygon,"16,709.25 MATIC",24.76%,"1,782,223.43 MATIC",409.33 MATIC,596.76 MATIC,28,15.85%
207,Taiyo Pilots,Solana,751.68 SOL,7.51%,"153,002.94 SOL",8.07 SOL,8.352 SOL,90,54.69%
208,The Llamas,Ethereum,10.16 ETH,129.35%,"1,779.69 ETH",2.19 ETH,2.032 ETH,5,8.26%
209,PORSCHΞ 911,Ethereum,10.14 ETH,18.03%,"1,985.87 ETH",0.9994 ETH,1.1271 ETH,9,9.29%
210,The Shards,Ethereum,10.06 ETH,1005.57%,"1,395.94 ETH",0.44 ETH,0.6288 ETH,16,38.20%
211,MONGS,Ethereum,9.911 ETH,20.33%,"2,108.82 ETH",0.2295 ETH,0.2417 ETH,41,4.79%
212,The Plague,Ethereum,9.9028 ETH,232.61%,"3,242.8 ETH",0.35 ETH,0.3301 ETH,30,22.39%
213,ENS,Ethereum,9.6782 ETH,0.29%,"461,005.06 ETH",--,0.06204 ETH,156,1.63%
214,RSTLSS x Claire Silver,Ethereum,9.3566 ETH,58.11%,461.38 ETH,0.119 ETH,0.2752 ETH,34,34.28%
215,Link3 Mini Shard,BNB Chain,54.31 BNB,17.85%,0.1656 BNB,0.0189 BNB,0.122 BNB,445,49.36%
216,QQL Mint Pass,Ethereum,8.9272 ETH,12.61%,"2,984.31 ETH",6.66 ETH,4.4636 ETH,2,43.69%
217,Wumbo Pass,Ethereum,8.881 ETH,169.12%,611.91 ETH,1.688 ETH,1.7762 ETH,5,7.65%
218,Cool Cats,Ethereum,8.8708 ETH,59.80%,"6,481.24 ETH",0.881 ETH,0.9856 ETH,9,7.21%
219,Imaginary Ones,Ethereum,8.8165 ETH,7.29%,"7,216.17 ETH",0.7428 ETH,0.6782 ETH,13,9.22%
220,World Of Women,Ethereum,8.6697 ETH,235.19%,"7,692 ETH",0.9297 ETH,0.9633 ETH,9,11.73%
221,Solana Monkey Business,Solana,772.5 SOL,4.24%,"1,017,131.62 SOL",187 SOL,193.13 SOL,4,1192.78%
222,Wolf Capital,Solana,767.39 SOL,9.15%,"41,301.87 SOL",4.958 SOL,5.185 SOL,148,38.50%
223,MERGE VV,Ethereum,8.3744 ETH,35.16%,626.23 ETH,0.028 ETH,0.02878 ETH,291,9.98%
224,Owlpha,Polygon,"16,709.25 MATIC",24.76%,"1,782,223.43 MATIC",409.33 MATIC,596.76 MATIC,28,15.85%
225,Taiyo Pilots,Solana,751.68 SOL,7.51%,"153,002.94 SOL",8.07 SOL,8.352 SOL,90,54.69%
226,The Llamas,Ethereum,10.16 ETH,129.35%,"1,779.69 ETH",2.19 ETH,2.032 ETH,5,8.26%
227,PORSCHΞ 911,Ethereum,10.14 ETH,18.03%,"1,985.87 ETH",0.9994 ETH,1.1271 ETH,9,9.29%
228,The Shards,Ethereum,10.06 ETH,1005.57%,"1,395.94 ETH",0.44 ETH,0.6288 ETH,16,38.20%
229,MONGS,Ethereum,9.911 ETH,20.33%,"2,108.82 ETH",0.2295 ETH,0.2417 ETH,41,4.79%
230,The Plague,Ethereum,9.9028 ETH,232.61%,"3,242.8 ETH",0.35 ETH,0.3301 ETH,30,22.39%
231,ENS,Ethereum,9.6782 ETH,0.29%,"461,005.06 ETH",--,0.06204 ETH,156,1.63%
232,RSTLSS x Claire Silver,Ethereum,9.3566 ETH,58.11%,461.38 ETH,0.119 ETH,0.2752 ETH,34,34.28%
233,Link3 Mini Shard,BNB Chain,54.31 BNB,17.85%,0.1656 BNB,0.0189 BNB,0.122 BNB,445,49.36%
234,QQL Mint Pass,Ethereum,8.9272 ETH,12.61%,"2,984.31 ETH",6.66 ETH,4.4636 ETH,2,43.69%
235,Wumbo Pass,Ethereum,8.881 ETH,169.12%,611.91 ETH,1.688 ETH,1.7762 ETH,5,7.65%
236,Cool Cats,Ethereum,8.8708 ETH,59.80%,"6,481.24 ETH",0.881 ETH,0.9856 ETH,9,7.21%
237,Imaginary Ones,Ethereum,8.8165 ETH,7.29%,"7,216.17 ETH",0.7428 ETH,0.6782 ETH,13,9.22%
238,World Of Women,Ethereum,8.6697 ETH,235.19%,"7,692 ETH",0.9297 ETH,0.9633 ETH,9,11.73%
239,Solana Monkey Business,Solana,772.5 SOL,4.24%,"1,017,131.62 SOL",187 SOL,193.13 SOL,4,1192.78%
240,Wolf Capital,Solana,767.39 SOL,9.15%,"41,301.87 SOL",4.958 SOL,5.185 SOL,148,38.50%
241,MERGE VV,Ethereum,8.3744 ETH,35.16%,626.23 ETH,0.028 ETH,0.02878 ETH,291,9.98%
242,Owlpha,Polygon,"16,709.25 MATIC",24.76%,"1,782,223.43 MATIC",409.33 MATIC,596.76 MATIC,28,15.85%
243,Taiyo Pilots,Solana,751.68 SOL,7.51%,"153,002.94 SOL",8.07 SOL,8.352 SOL,90,54.69%
244,PudgyPresent,Ethereum,8.1539 ETH,85.44%,"2,567.45 ETH",0.38 ETH,0.6272 ETH,13,71.17%
245,The Llamas,Ethereum,10.16 ETH,129.35%,"1,779.69 ETH",2.19 ETH,2.032 ETH,5,8.26%
246,PORSCHΞ 911,Ethereum,10.14 ETH,18.03%,"1,985.87 ETH",0.9994 ETH,1.1271 ETH,9,9.29%
247,The Shards,Ethereum,10.06 ETH,1005.57%,"1,395.94 ETH",0.44 ETH,0.6288 ETH,16,38.20%
248,MONGS,Ethereum,9.911 ETH,20.33%,"2,108.82 ETH",0.2295 ETH,0.2417 ETH,41,4.79%
249,The Plague,Ethereum,9.9028 ETH,232.61%,"3,242.8 ETH",0.35 ETH,0.3301 ETH,30,22.39%
250,ENS,Ethereum,9.6782 ETH,0.29%,"461,005.06 ETH",--,0.06204 ETH,156,1.63%
251,RSTLSS x Claire Silver,Ethereum,9.3566 ETH,58.11%,461.38 ETH,0.119 ETH,0.2752 ETH,34,34.28%
252,Link3 Mini Shard,BNB Chain,54.31 BNB,17.85%,0.1656 BNB,0.0189 BNB,0.122 BNB,445,49.36%
253,QQL Mint Pass,Ethereum,8.9272 ETH,12.61%,"2,984.31 ETH",6.66 ETH,4.4636 ETH,2,43.69%
254,Wumbo Pass,Ethereum,8.881 ETH,169.12%,611.91 ETH,1.688 ETH,1.7762 ETH,5,7.65%
255,Cool Cats,Ethereum,8.8708 ETH,59.80%,"6,481.24 ETH",0.881 ETH,0.9856 ETH,9,7.21%
256,Imaginary Ones,Ethereum,8.8165 ETH,7.29%,"7,216.17 ETH",0.7428 ETH,0.6782 ETH,13,9.22%
257,World Of Women,Ethereum,8.6697 ETH,235.19%,"7,692 ETH",0.9297 ETH,0.9633 ETH,9,11.73%
258,Solana Monkey Business,Solana,772.5 SOL,4.24%,"1,017,131.62 SOL",187 SOL,193.13 SOL,4,1192.78%
259,Wolf Capital,Solana,767.39 SOL,9.15%,"41,301.87 SOL",4.958 SOL,5.185 SOL,148,38.50%
260,MERGE VV,Ethereum,8.3744 ETH,35.16%,626.23 ETH,0.028 ETH,0.02878 ETH,291,9.98%
261,Owlpha,Polygon,"16,709.25 MATIC",24.76%,"1,782,223.43 MATIC",409.33 MATIC,596.76 MATIC,28,15.85%
262,Taiyo Pilots,Solana,751.68 SOL,7.51%,"153,002.94 SOL",8.07 SOL,8.352 SOL,90,54.69%
263,The Llamas,Ethereum,10.16 ETH,129.35%,"1,779.69 ETH",2.19 ETH,2.032 ETH,5,8.26%
264,PORSCHΞ 911,Ethereum,10.14 ETH,18.03%,"1,985.87 ETH",0.9994 ETH,1.1271 ETH,9,9.29%
265,The Shards,Ethereum,10.06 ETH,1005.57%,"1,395.94 ETH",0.44 ETH,0.6288 ETH,16,38.20%
266,MONGS,Ethereum,9.911 ETH,20.33%,"2,108.82 ETH",0.2295 ETH,0.2417 ETH,41,4.79%
267,The Plague,Ethereum,9.9028 ETH,232.61%,"3,242.8 ETH",0.35 ETH,0.3301 ETH,30,22.39%
268,ENS,Ethereum,9.6782 ETH,0.29%,"461,005.06 ETH",--,0.06204 ETH,156,1.63%
269,RSTLSS x Claire Silver,Ethereum,9.3566 ETH,58.11%,461.38 ETH,0.119 ETH,0.2752 ETH,34,34.28%
270,Link3 Mini Shard,BNB Chain,54.31 BNB,17.85%,0.1656 BNB,0.0189 BNB,0.122 BNB,445,49.36%
271,QQL Mint Pass,Ethereum,8.9272 ETH,12.61%,"2,984.31 ETH",6.66 ETH,4.4636 ETH,2,43.69%
272,Wumbo Pass,Ethereum,8.881 ETH,169.12%,611.91 ETH,1.688 ETH,1.7762 ETH,5,7.65%
273,The Llamas,Ethereum,10.16 ETH,129.35%,"1,779.69 ETH",2.19 ETH,2.032 ETH,5,8.26%
274,PORSCHΞ 911,Ethereum,10.14 ETH,18.03%,"1,985.87 ETH",0.9994 ETH,1.1271 ETH,9,9.29%
275,The Shards,Ethereum,10.06 ETH,1005.57%,"1,395.94 ETH",0.44 ETH,0.6288 ETH,16,38.20%
276,MONGS,Ethereum,9.911 ETH,20.33%,"2,108.82 ETH",0.2295 ETH,0.2417 ETH,41,4.79%
277,The Plague,Ethereum,9.9028 ETH,232.61%,"3,242.8 ETH",0.35 ETH,0.3301 ETH,30,22.39%
278,ENS,Ethereum,9.6782 ETH,0.29%,"461,005.06 ETH",--,0.06204 ETH,156,1.63%
279,RSTLSS x Claire Silver,Ethereum,9.3566 ETH,58.11%,461.38 ETH,0.119 ETH,0.2752 ETH,34,34.28%
280,Link3 Mini Shard,BNB Chain,54.31 BNB,17.85%,0.1656 BNB,0.0189 BNB,0.122 BNB,445,49.36%
281,QQL Mint Pass,Ethereum,8.9272 ETH,12.61%,"2,984.31 ETH",6.66 ETH,4.4636 ETH,2,43.69%
282,Wumbo Pass,Ethereum,8.881 ETH,169.12%,611.91 ETH,1.688 ETH,1.7762 ETH,5,7.65%
283,Cool Cats,Ethereum,8.8708 ETH,59.80%,"6,481.24 ETH",0.881 ETH,0.9856 ETH,9,7.21%
284,Imaginary Ones,Ethereum,8.8165 ETH,7.29%,"7,216.17 ETH",0.7428 ETH,0.6782 ETH,13,9.22%
285,World Of Women,Ethereum,8.6697 ETH,235.19%,"7,692 ETH",0.9297 ETH,0.9633 ETH,9,11.73%
286,Solana Monkey Business,Solana,772.5 SOL,4.24%,"1,017,131.62 SOL",187 SOL,193.13 SOL,4,1192.78%
287,Wolf Capital,Solana,767.39 SOL,9.15%,"41,301.87 SOL",4.958 SOL,5.185 SOL,148,38.50%
288,MERGE VV,Ethereum,8.3744 ETH,35.16%,626.23 ETH,0.028 ETH,0.02878 ETH,291,9.98%
289,Owlpha,Polygon,"16,709.25 MATIC",24.76%,"1,782,223.43 MATIC",409.33 MATIC,596.76 MATIC,28,15.85%
290,Taiyo Pilots,Solana,751.68 SOL,7.51%,"153,002.94 SOL",8.07 SOL,8.352 SOL,90,54.69%
291,MutantApeYachtClub,Ethereum,"2,536.86 ETH",184.77%,"188,395.43 ETH",9.595 ETH,9.4659 ETH,268,0.12%
292,BoredApeYachtClub,Ethereum,"2,139.82 ETH",23.66%,"440,756 ETH",46.5 ETH,45.53 ETH,47,0.02%
293,MineablePunks,Ethereum,"1,258.51 ETH",45.83%,85.01 ETH,0.015 ETH,209.75 ETH,6,9.72%
294,Dreadfulz,Ethereum,"1,009.03 ETH",10.01%,165.65 ETH,0.015 ETH,126.13 ETH,8,10.01%
295,Opepen Edition,Ethereum,549.76 ETH,57.70%,"8,060.8 ETH",0.789 ETH,0.9209 ETH,597,11.36%
296,Azuki,Ethereum,533.26 ETH,27.95%,"145,236 ETH",14.8 ETH,15.24 ETH,35,6.01%
297,DeGods,Ethereum,433.22 ETH,36.61%,"74,478.36 ETH",8.9 ETH,8.6643 ETH,50,1.09%
298,CryptoPunks,Ethereum,369.61 ETH,506.42%,"638,729 ETH",54.49 ETH,52.8 ETH,7,73.26%
299,Nakamigos,Ethereum,311.26 ETH,20.48%,"5,556 ETH",0.298 ETH,0.4745 ETH,656,18.31%
300,Milady,Ethereum,281.47 ETH,26.82%,"40,695 ETH",3.25 ETH,3.1626 ETH,89,2.16%
301,PudgyPenguins,Ethereum,222.21 ETH,41.79%,"41,083.89 ETH",5.348 ETH,5.2908 ETH,42,0.21%
302,Beanz,Ethereum,150.23 ETH,33.17%,"25,841.24 ETH",1.37 ETH,1.5648 ETH,96,11.39%
303,Moonbirds,Ethereum,140.28 ETH,16.51%,"22,337 ETH",2.0189 ETH,2.004 ETH,70,1.01%
304,Captainz,Ethereum,109.67 ETH,22.76%,"78,006.2 ETH",8.55 ETH,7.8336 ETH,14,10.35%
305,CloneX,Ethereum,95.46 ETH,76.46%,"56,921.53 ETH",3.2 ETH,3.1819 ETH,30,5.89%
306,Art Blocks,Ethereum,94.25 ETH,189.89%,"221,769.4 ETH",2.5 ETH,1.8124 ETH,52,100.69%
307,Otherdeed,Ethereum,82.09 ETH,42.15%,"134,330 ETH",1 ETH,1.303 ETH,63,42.15%
308,TEST NFT,Ethereum,74.46 ETH,22.69%,"13,258 ETH",1.0799 ETH,1.095 ETH,68,5.73%
309,0xMahjong,Ethereum,72.91 ETH,275.80%,179.4 ETH,0.199 ETH,0.1381 ETH,528,16.73%
310,MutantApeYachtClub,Ethereum,"2,536.86 ETH",184.77%,"188,395.43 ETH",9.595 ETH,9.4659 ETH,268,0.12%
311,BoredApeYachtClub,Ethereum,"2,139.82 ETH",23.66%,"440,756 ETH",46.5 ETH,45.53 ETH,47,0.02%
312,MineablePunks,Ethereum,"1,258.51 ETH",45.83%,85.01 ETH,0.015 ETH,209.75 ETH,6,9.72%
313,Dreadfulz,Ethereum,"1,009.03 ETH",10.01%,165.65 ETH,0.015 ETH,126.13 ETH,8,10.01%
314,Opepen Edition,Ethereum,549.76 ETH,57.70%,"8,060.8 ETH",0.789 ETH,0.9209 ETH,597,11.36%
315,Azuki,Ethereum,533.26 ETH,27.95%,"145,236 ETH",14.8 ETH,15.24 ETH,35,6.01%
316,DeGods,Ethereum,433.22 ETH,36.61%,"74,478.36 ETH",8.9 ETH,8.6643 ETH,50,1.09%
317,CryptoPunks,Ethereum,369.61 ETH,506.42%,"638,729 ETH",54.49 ETH,52.8 ETH,7,73.26%
318,Nakamigos,Ethereum,311.26 ETH,20.48%,"5,556 ETH",0.298 ETH,0.4745 ETH,656,18.31%
319,Milady,Ethereum,281.47 ETH,26.82%,"40,695 ETH",3.25 ETH,3.1626 ETH,89,2.16%
320,PudgyPenguins,Ethereum,222.21 ETH,41.79%,"41,083.89 ETH",5.348 ETH,5.2908 ETH,42,0.21%
321,Beanz,Ethereum,150.23 ETH,33.17%,"25,841.24 ETH",1.37 ETH,1.5648 ETH,96,11.39%
322,Moonbirds,Ethereum,140.28 ETH,16.51%,"22,337 ETH",2.0189 ETH,2.004 ETH,70,1.01%
323,Captainz,Ethereum,109.67 ETH,22.76%,"78,006.2 ETH",8.55 ETH,7.8336 ETH,14,10.35%
324,CloneX,Ethereum,95.46 ETH,76.46%,"56,921.53 ETH",3.2 ETH,3.1819 ETH,30,5.89%
325,Art Blocks,Ethereum,94.25 ETH,189.89%,"221,769.4 ETH",2.5 ETH,1.8124 ETH,52,100.69%
326,Otherdeed,Ethereum,82.09 ETH,42.15%,"134,330 ETH",1 ETH,1.303 ETH,63,42.15%
327,TEST NFT,Ethereum,74.46 ETH,22.69%,"13,258 ETH",1.0799 ETH,1.095 ETH,68,5.73%
328,0xMahjong,Ethereum,72.91 ETH,275.80%,179.4 ETH,0.199 ETH,0.1381 ETH,528,16.73%
329,The Shards,Ethereum,10.06 ETH,1005.57%,"1,405.45 ETH",0.44 ETH,0.6288 ETH,16,38.20%
330,Genuine Undead,Ethereum,9.7789 ETH,32.90%,"1,393.86 ETH",0.1325 ETH,0.1811 ETH,54,18.05%
331,MONGS,Ethereum,9.7306 ETH,22.90%,"2,108.82 ETH",0.2295 ETH,0.2433 ETH,40,3.63%
332,Owlpha,Polygon,"18,702.86 MATIC",45.45%,"1,782,223.43 MATIC",409.33 MATIC,644.93 MATIC,29,25.38%
333,RSTLSS x Claire Silver,Ethereum,9.253 ETH,56.88%,461.16 ETH,0.119 ETH,0.2804 ETH,33,37.21%
334,ENS,Ethereum,9.2138 ETH,0.82%,"460,101.5 ETH",--,0.05832 ETH,158,4.29%
335,SPACE ID .arb Name Service,Arbitrum,8.9901 ETH,233.38%,"17,535.49 ETH",0.0011 ETH,0.04913 ETH,183,107.68%
336,QQL Mint Pass,Ethereum,8.9272 ETH,12.61%,"2,984.31 ETH",6.66 ETH,4.4636 ETH,2,43.69%
337,The Plague,Ethereum,8.891 ETH,144.32%,"3,242.8 ETH",0.35 ETH,0.3293 ETH,27,18.56%
338,Wumbo Pass,Ethereum,8.881 ETH,169.12%,611.91 ETH,1.688 ETH,1.7762 ETH,5,7.65%
339,Jikan Studios,Solana,278.26 SOL,13.33%,"41,135.02 SOL",6.0862 SOL,6.3241 SOL,44,35.40%
340,Elixir: Ovols,Solana,262.86 SOL,17.72%,"162,025.01 SOL",9.7573 SOL,10.11 SOL,26,172.15%
341,MERGE,Ethereum,2.903 ETH,326.47%,"2,022 ETH",0.2499 ETH,0.2233 ETH,13,1.58%
342,Kubz Relic,Ethereum,2.899 ETH,28.50%,"1,049.26 ETH",0.015 ETH,0.0223 ETH,130,43.66%
343,KILLABITS,Ethereum,2.8967 ETH,71.71%,"2,332.1 ETH",0.52 ETH,0.5793 ETH,5,1.85%
344,SHIBOSHIS,Ethereum,2.8499 ETH,183.63%,"2,249 ETH",0.3 ETH,0.2591 ETH,11,3.14%
345,Terraforms,Ethereum,2.83 ETH,86.57%,"12,803.72 ETH",1.3869 ETH,1.415 ETH,2,26.12%
346,For a Limited Time,Ethereum,2.8178 ETH,773.28%,56.25 ETH,0.15 ETH,0.1084 ETH,26,34.35%
347,AcceptanceLtr,Ethereum,2.7368 ETH,29.15%,0.3114 ETH,0.0195 ETH,0.04344 ETH,63,1.04%
348,Etheria Wrapper v1pt0 2015-10-22,Ethereum,2.7203 ETH,58.13%,662.72 ETH,3.95 ETH,2.7203 ETH,1,-
349,Land of Valeria,Ethereum,2.711 ETH,59.44%,"3,153 ETH",0.3849 ETH,0.4518 ETH,6,21.69%
350,Asprey Studio Club,Ethereum,2.7 ETH,58.82%,548.85 ETH,3.1 ETH,2.7 ETH,1,-
351,Introducing World App,Ethereum,2.6939 ETH,13.41%,"1,666.04 ETH",0.0157 ETH,0.01456 ETH,185,6.82%
352,Mocaverse,Ethereum,2.61 ETH,62.11%,"5,310.58 ETH",0.7 ETH,0.6525 ETH,4,21.58%
353,Bit Bears,Ethereum,2.591 ETH,4.06%,"3,104.59 ETH",1.35 ETH,1.2955 ETH,2,4.06%
354,Ordinal Kubz,Ethereum,2.5867 ETH,169.04%,"2,206 ETH",0.26 ETH,0.2351 ETH,11,2.17%
355,NFT3 e8a995,Polygon,"5,147 MATIC",0.02%,"2,537,131.05 MATIC","1,700 MATIC","1,715.67 MATIC",3,33.32%
356,Mooncatz,Ethereum,2.5345 ETH,34.07%,208.31 ETH,0.05 ETH,0.05172 ETH,49,17.92%
357,MutantApeYachtClub,Ethereum,"2,536.86 ETH",184.77%,"188,395.43 ETH",9.595 ETH,9.4659 ETH,268,0.12%
358,BoredApeYachtClub,Ethereum,"2,139.82 ETH",23.66%,"440,756 ETH",46.5 ETH,45.53 ETH,47,0.02%
359,MineablePunks,Ethereum,"1,258.51 ETH",45.83%,85.01 ETH,0.015 ETH,209.75 ETH,6,9.72%
360,Dreadfulz,Ethereum,"1,009.03 ETH",10.01%,165.65 ETH,0.015 ETH,126.13 ETH,8,10.01%
361,Opepen Edition,Ethereum,549.76 ETH,57.70%,"8,060.8 ETH",0.789 ETH,0.9209 ETH,597,11.36%
362,Azuki,Ethereum,533.26 ETH,27.95%,"145,236 ETH",14.8 ETH,15.24 ETH,35,6.01%
363,DeGods,Ethereum,433.22 ETH,36.61%,"74,478.36 ETH",8.9 ETH,8.6643 ETH,50,1.09%
364,CryptoPunks,Ethereum,369.61 ETH,506.42%,"638,729 ETH",54.49 ETH,52.8 ETH,7,73.26%
365,Nakamigos,Ethereum,311.26 ETH,20.48%,"5,556 ETH",0.298 ETH,0.4745 ETH,656,18.31%
366,Milady,Ethereum,281.47 ETH,26.82%,"40,695 ETH",3.25 ETH,3.1626 ETH,89,2.16%
367,PudgyPenguins,Ethereum,222.21 ETH,41.79%,"41,083.89 ETH",5.348 ETH,5.2908 ETH,42,0.21%
368,Beanz,Ethereum,150.23 ETH,33.17%,"25,841.24 ETH",1.37 ETH,1.5648 ETH,96,11.39%
369,Moonbirds,Ethereum,140.28 ETH,16.51%,"22,337 ETH",2.0189 ETH,2.004 ETH,70,1.01%
370,Captainz,Ethereum,109.67 ETH,22.76%,"78,006.2 ETH",8.55 ETH,7.8336 ETH,14,10.35%
371,CloneX,Ethereum,95.46 ETH,76.46%,"56,921.53 ETH",3.2 ETH,3.1819 ETH,30,5.89%
372,Art Blocks,Ethereum,94.25 ETH,189.89%,"221,769.4 ETH",2.5 ETH,1.8124 ETH,52,100.69%
373,Otherdeed,Ethereum,82.09 ETH,42.15%,"134,330 ETH",1 ETH,1.303 ETH,63,42.15%
374,TEST NFT,Ethereum,74.46 ETH,22.69%,"13,258 ETH",1.0799 ETH,1.095 ETH,68,5.73%
375,0xMahjong,Ethereum,72.91 ETH,275.80%,179.4 ETH,0.199 ETH,0.1381 ETH,528,16.73%
376,MutantApeYachtClub,Ethereum,"2,536.86 ETH",184.77%,"188,395.43 ETH",9.595 ETH,9.4659 ETH,268,0.12%
377,BoredApeYachtClub,Ethereum,"2,139.82 ETH",23.66%,"440,756 ETH",46.5 ETH,45.53 ETH,47,0.02%
378,MineablePunks,Ethereum,"1,258.51 ETH",45.83%,85.01 ETH,0.015 ETH,209.75 ETH,6,9.72%
379,Dreadfulz,Ethereum,"1,009.03 ETH",10.01%,165.65 ETH,0.015 ETH,126.13 ETH,8,10.01%
380,Opepen Edition,Ethereum,549.76 ETH,57.70%,"8,060.8 ETH",0.789 ETH,0.9209 ETH,597,11.36%
381,Azuki,Ethereum,533.26 ETH,27.95%,"145,236 ETH",14.8 ETH,15.24 ETH,35,6.01%
382,DeGods,Ethereum,433.22 ETH,36.61%,"74,478.36 ETH",8.9 ETH,8.6643 ETH,50,1.09%
383,CryptoPunks,Ethereum,369.61 ETH,506.42%,"638,729 ETH",54.49 ETH,52.8 ETH,7,73.26%
384,Nakamigos,Ethereum,311.26 ETH,20.48%,"5,556 ETH",0.298 ETH,0.4745 ETH,656,18.31%
385,Milady,Ethereum,281.47 ETH,26.82%,"40,695 ETH",3.25 ETH,3.1626 ETH,89,2.16%
386,PudgyPenguins,Ethereum,222.21 ETH,41.79%,"41,083.89 ETH",5.348 ETH,5.2908 ETH,42,0.21%
387,Beanz,Ethereum,150.23 ETH,33.17%,"25,841.24 ETH",1.37 ETH,1.5648 ETH,96,11.39%
388,Moonbirds,Ethereum,140.28 ETH,16.51%,"22,337 ETH",2.0189 ETH,2.004 ETH,70,1.01%
389,Captainz,Ethereum,109.67 ETH,22.76%,"78,006.2 ETH",8.55 ETH,7.8336 ETH,14,10.35%
390,CloneX,Ethereum,95.46 ETH,76.46%,"56,921.53 ETH",3.2 ETH,3.1819 ETH,30,5.89%
391,Art Blocks,Ethereum,94.25 ETH,189.89%,"221,769.4 ETH",2.5 ETH,1.8124 ETH,52,100.69%
392,Otherdeed,Ethereum,82.09 ETH,42.15%,"134,330 ETH",1 ETH,1.303 ETH,63,42.15%
393,TEST NFT,Ethereum,74.46 ETH,22.69%,"13,258 ETH",1.0799 ETH,1.095 ETH,68,5.73%
394,0xMahjong,Ethereum,72.91 ETH,275.80%,179.4 ETH,0.199 ETH,0.1381 ETH,528,16.73%
395,The Shards,Ethereum,10.06 ETH,1005.57%,"1,405.45 ETH",0.44 ETH,0.6288 ETH,16,38.20%
396,Genuine Undead,Ethereum,9.7789 ETH,32.90%,"1,393.86 ETH",0.1325 ETH,0.1811 ETH,54,18.05%
397,MONGS,Ethereum,9.7306 ETH,22.90%,"2,108.82 ETH",0.2295 ETH,0.2433 ETH,40,3.63%
398,Owlpha,Polygon,"18,702.86 MATIC",45.45%,"1,782,223.43 MATIC",409.33 MATIC,644.93 MATIC,29,25.38%
399,RSTLSS x Claire Silver,Ethereum,9.253 ETH,56.88%,461.16 ETH,0.119 ETH,0.2804 ETH,33,37.21%
400,ENS,Ethereum,9.2138 ETH,0.82%,"460,101.5 ETH",--,0.05832 ETH,158,4.29%
401,SPACE ID .arb Name Service,Arbitrum,8.9901 ETH,233.38%,"17,535.49 ETH",0.0011 ETH,0.04913 ETH,183,107.68%
402,QQL Mint Pass,Ethereum,8.9272 ETH,12.61%,"2,984.31 ETH",6.66 ETH,4.4636 ETH,2,43.69%
403,The Plague,Ethereum,8.891 ETH,144.32%,"3,242.8 ETH",0.35 ETH,0.3293 ETH,27,18.56%
404,Wumbo Pass,Ethereum,8.881 ETH,169.12%,611.91 ETH,1.688 ETH,1.7762 ETH,5,7.65%
405,Link3 Mini Shard,BNB Chain,52.96 BNB,16.57%,0.1596 BNB,0.0189 BNB,0.1235 BNB,429,54.07%
406,Imaginary Ones,Ethereum,8.8165 ETH,7.29%,"7,216.17 ETH",0.7428 ETH,0.6782 ETH,13,9.22%
407,World Of Women,Ethereum,8.6697 ETH,235.19%,"7,692 ETH",0.9299 ETH,0.9633 ETH,9,11.73%
408,Solana Monkey Business,Solana,772.5 SOL,4.24%,"1,017,131.62 SOL",187 SOL,193.13 SOL,4,1192.78%
409,Wolf Capital,Solana,745.68 SOL,9.42%,"41,301.87 SOL",4.941 SOL,5.1784 SOL,144,39.54%
410,PudgyPresent,Ethereum,8.1539 ETH,85.44%,"2,567.45 ETH",0.38 ETH,0.6272 ETH,13,71.17%
411,MERGE VV,Ethereum,8.1413 ETH,37.61%,626.23 ETH,0.028 ETH,0.02887 ETH,282,9.51%
412,Taiyo Pilots,Solana,725.7 SOL,7.87%,"153,002.94 SOL",8.0564 SOL,8.3413 SOL,87,56.90%
413,Gemesis,Ethereum,2.9573 ETH,42.10%,"2,861.66 ETH",0.026 ETH,0.02957 ETH,100,3.88%
414,AcceptanceLtr,Ethereum,2.9332 ETH,18.61%,0.3108 ETH,0.0195 ETH,0.04731 ETH,62,14.20%
415,goblintown,Ethereum,2.931 ETH,46.58%,"2,468.75 ETH",0.2348 ETH,0.2255 ETH,13,5.48%
416,MERGE,Ethereum,2.903 ETH,326.47%,"2,022 ETH",0.2499 ETH,0.2233 ETH,13,1.58%
417,Kagami,Ethereum,2.8999 ETH,2.25%,"1,329.75 ETH",1.5499 ETH,1.45 ETH,2,2.25%
418,Kubz Relic,Ethereum,2.899 ETH,28.50%,"1,049.26 ETH",0.0148 ETH,0.0223 ETH,130,43.66%
419,SHIBOSHIS,Ethereum,2.8499 ETH,183.63%,"2,249 ETH",0.3 ETH,0.2591 ETH,11,3.14%
420,Terraforms,Ethereum,2.83 ETH,86.57%,"12,803.72 ETH",1.3869 ETH,1.415 ETH,2,26.12%
421,For a Limited Time,Ethereum,2.8178 ETH,773.28%,56.25 ETH,0.15 ETH,0.1084 ETH,26,34.35%
422,CHIBI DINOS,Ethereum,2.7476 ETH,3379.96%,677 ETH,0.08 ETH,0.08863 ETH,31,12.26%
423,Etheria Wrapper v1pt0 2015-10-22,Ethereum,2.7203 ETH,58.13%,662.72 ETH,3.95 ETH,2.7203 ETH,1,-
424,Jikan Studios,Solana,243.24 SOL,0.61%,"41,135.02 SOL",6.1209 SOL,6.401 SOL,38,29.80%
425,Introducing World App,Ethereum,2.7051 ETH,15.04%,"1,666.04 ETH",0.0157 ETH,0.01454 ETH,186,6.61%
426,Asprey Studio Club,Ethereum,2.7 ETH,58.82%,548.85 ETH,3.1 ETH,2.7 ETH,1,-
427,Pi DAO Club c0737c,Polygon,"5,237.12 MATIC",50.04%,"2,558,911.1 MATIC",10.13 MATIC,201.43 MATIC,26,42.35%
428,Mocaverse,Ethereum,2.61 ETH,62.11%,"5,310.58 ETH",0.7 ETH,0.6525 ETH,4,21.58%
429,Ordinal Kubz,Ethereum,2.5877 ETH,116.28%,"2,195 ETH",0.26 ETH,0.2352 ETH,11,1.69%
430,NFT3 e8a995,Polygon,"5,147 MATIC",0.02%,"2,537,131.05 MATIC","1,700 MATIC","1,715.67 MATIC",3,33.32%
